v1,state,state_code,district,district_code,sex_ratio,wom_pop1549_2019,pw_registered_anc,live_births,ch_pop04_2019,insbirth,ch_lbw,lbw_n,ch_stunt,stunting_n,ch_waste,wasting_n,ch_wastesev,severewasting_n,ch_uweight,underweight_n,ch_over,overweight_n,ch_anemic,anemia_ch_n,v26,bmi_f_lowbmiout,womenunderweight_n,bmi_f_highbmi,womenover_n,hypertension_women,womenhypertension_n,diabetes_women,womendiabetes_n,hb_f_anemia,anemia_nonpreg_n,preg_anemia,anemia_preg_n,pregwom_2019,v40,take100_ifa_preg,ifa_180,iycf_earlybf35,iycf_exclbf0,n_iycf_cbf,n_iycf_introfood,n_iycf_minaccdiet0,n_iycf_mindd,n_iycf_minfreq,n_iycf_eff,n_iycf_swbvg,bottle,school10yr_women,wo2024_mar18,wom_pregmothers_1519,imp_latrine,imp_drinkw,safe_disp,bpl_card,hh_healthins,fp_sat,iod_salt,mcp_rec,anc_firsttri,anc4,anc_weigh,counsel_birth_prepare,flw_breastcouns,protect_tetanus,ifa_rec,deworm_preg,icds_thr_preg,inst_birth,jsy_rec1,ba_healthpro,mopostnat_2day_hp,chpostnat_2day_hp,icds_thr_lact,icds_hlthnut_lact,icds_hlthcheck_lact,full_immun1,chvita_6m1,ch_ironsupp1,ch_deworm1,icds_thr6_35_child,icds_weight_child,icds_weightcounse_child,ch_ors,ch_zinc,ari_treat,icds_preschool_child,icds_hlthcheck_child
1,Arunachal Pradesh,12,East Siang,251,1058.6,34154.5174,2254,2196,6630.751671,2147,,,24.62,1632,8.550000000000001,567,4.2,278,10.27,681,9.02,598,51.51,3068,6630.751671,6.79,2319,27.87,9519,29.69,10140,9.449999999999999,3228,35.28,12050,32.78,739,2254,34154.5174,11.41,6.59,49.37,,,,23.95,,,,,,55.56,14.91,4.59,83.89,97.27,,,30.5,,99.38,94.42,39.87,34.26,,,,75.22,78.09999999999999,19.4,,90.84,3.3,89.23,55.71,58.75,,,,48.81,67.27,,,,,,,,58,,
2,Arunachal Pradesh,12,Kra Daadi,650,976.12,,206,82,,34,,,28.8,,9.380000000000001,,5.69,,14.54,,20.17,,61.95,,,1.97,,29.82,,19.41,,4.06,,24.29,,1.97,4,206,,12.65,9.029999999999999,35.88,,,,14.56,,,,,,27.4,24.84,12.86,89.26000000000001,99.84,,,23.97,,99.16,97.69,62.45,18.27,,,,55.06,77.40000000000001,24.1,,73.54000000000001,3.8,80.95,34.9,37.33,,,,63.58,88.14,,,,,,,,,,
3,Arunachal Pradesh,12,Kurung Kumey,256,997.3,29528.95324,681,243,8670.923844999999,197,,,29.2,2532,15.06,1306,5.29,459,13.85,1201,5.77,500,62.39,4860,8670.923844999999,2.68,791,23.27,6871,19.22,5675,6.88,2032,35.5,10483,,,681,29528.95324,23.8,8.550000000000001,38.95,,,,18.73,,,,,,34.66,19.8,7.65,78.33,99.79000000000001,,,13.43,,99.65000000000001,97.04000000000001,45.24,44.11,,,,76.95,70.8,38.1,,69.16,11.8,69.70999999999999,62.34,61.08,,,,71.41,47.92,,,,,,,,,,
4,Arunachal Pradesh,12,Lohit,259,1001.05,45471.00247,1240,1075,12451.58188,1072,,,24.46,3046,12.71,1583,4.92,613,12.91,1607,7.61,948,52.48,5870,12451.58188,8,3638,30.93,14064,22.06,10031,9.460000000000001,4302,47.63,21658,33.22,412,1240,45471.00247,34.13,17.59,52.31,,,,20.81,,,,,,37.25,20,5.4,83.66,96.88,,,31.88,,97.92,96.93000000000001,66.87,39.61,,,,74.55,80.59999999999999,22.9,,90.23999999999999,23.7,92.3,66.22,66.17,,,,74.04000000000001,72.98,,,,,,,,,,
5,Arunachal Pradesh,12,Longding,651,926.46,,1089,666,,339,,,15.75,,20.61,,14.21,,13.77,,4.23,,38.37,,,4.04,,13.65,,20.5,,10.46,,35.03,,19.06,208,1089,,33.39,7.1,57.95,66.11,,,19.98,,,,,,27.7,7.88,2.2,83.45,62.47,,,23.81,,99.3,96.98,65.8,39.58,,,,78.43000000000001,70.7,25.6,,64.51000000000001,9.800000000000001,65.02,57.07,55.53,,,,52.68,54.22,,,,,,,,,,
6,Arunachal Pradesh,12,Namsai,652,982.16,,2520,1766,,1273,,,28.73,,12.36,,4.18,,17.7,,6.16,,59.15,,,12.76,,17.99,,27.11,,9.23,,58.79,,52.62,1326,2520,,33.55,8.93,47.35,62.79,,,21.16,,,,,,22.19,26.71,11.3,75.11,93.53,,,30.86,,99.13,94.56999999999999,61.6,35.37,,,,76.73,76.90000000000001,26.3,,63.6,15.5,68.81999999999999,51.21,52.04,,,,67.17,72.37,,,,,,,,50.06,,
7,Arunachal Pradesh,12,Siang,653,967.97,,306,115,,70,,,21.29,,12.13,,6.97,,8.82,,12.98,,24.91,,,6.49,,15.81,,24.36,,8.02,,24.35,,15.43,47,306,,21.53,5.71,51.36,,,,17.32,,,,,,50.58,9.949999999999999,.46,91.2,96.29000000000001,,,26.11,,98.91,97.13,50.83,31.13,,,,78.73,79.90000000000001,39.1,,81.09999999999999,1.2,82.7,56.02,55.42,,,,60.25,68.05,,,,,,,,,,
8,Arunachal Pradesh,12,Tirap,254,963.97,32274.57614,1100,630,10460.589,485,,,38.62,4040,13.77,1440,7.31,765,16.03,1677,11.71,1225,48.39,4547,10460.589,5.52,1782,28.29,9130,25.22,8140,8.369999999999999,2701,32.41,10460,24.09,265,1100,32274.57614,27.39,14.48,71.98999999999999,49.34,,,16.76,,,,,,40.2,12.04,4.04,86.67,93.81,,,30.84,,98.28,97.56,59.3,35.68,,,,73.93000000000001,77,33.4,,70.23999999999999,5.9,73.84999999999999,49.84,51.57,,,,66.33,72.76000000000001,,,,,,,,,,
9,Arunachal Pradesh,12,West Siang,250,1018.03,35931.31361,1916,1162,7560.547652,1143,,,24.49,1852,15.07,1139,8.1,612,16.23,1227,14.91,1127,45.58,3096,7560.547652,4.44,1595,27.39,9842,32.74,11764,9.119999999999999,3277,31.22,11218,16.78,322,1916,35931.31361,9.890000000000001,2.95,37.58,69.14,,,20.72,,,,,,46.29,18.89,4.71,87.73999999999999,99.06,,,26.56,,99.45,92.05,49.51,30.42,,,,72.01000000000001,79.3,25.4,,84.56999999999999,3.2,87.56,61.4,60.62,,,,55.4,64.48,,,,,,,,19.52,,
10,Assam,18,Biswanath,665,996.03,,,,,,,,42.72,,27.1,,13.73,,40.99,,3.29,,79.84,,,22.03,,10.57,,23.49,,8.140000000000001,,65.06999999999999,,45.11,,,,63.74,21.36,62.66,67.95,,,14.47,,,,,,23.01,25.26,8.99,76.62,76.19,,,68.34999999999999,,97.98,99.27,41.21,46.49,,,,94.62,96.40000000000001,16.3,,84.25,53.5,84.56,56.51,58.11,,,,66.2,61.39,,,,,,,,49.09,,
11,Assam,18,Charaideo,666,1027.15,,,,,,,,38.95,,23.54,,7.25,,34.75,,3.96,,69.66,,,24.7,,10.3,,18.19,,11.94,,72.59,,61.56,,,,51.74,19.38,58.25,,,,9.9,,,,,,26.16,22.59,3.83,75.93000000000001,96.40000000000001,,,64.90000000000001,,99.66,98.70999999999999,74.05,64.53,,,,95.91,94.3,9.4,,88.20999999999999,53.8,90.47,70.48999999999999,72.78,,,,73.97,57.97,,,,,,68.55,11.75,58.72,,
12,Assam,18,Dhubri,301,999.53,557319.0641,58457,46735,254162.4438,29020,,,48.51,123269,21.51,54645,6.68,17029,37.76,96073,6,15250,73.08,166899,254162.4438,22.16,123725,12.37,68940,18.22,101544,8.17,45533,63.04,351111,69.67,40745,58457,557319.0641,47.57,14.55,57.85,66.44,,,7.36,,,,,,20.43,50.78,22.39,61.81,96.7,,,59.38,,99.13,98.23999999999999,49.9,37.56,,,,96.97,86.8,13.2,,64.17,52.6,68.94,48.41,54.47,,,,71.64,50.55,,,,,,69.48,22.85,39.7,,
13,Assam,18,Hojai,667,985.64,,,,,,,,39.27,,12.68,,4.6,,28.35,,5.98,,56.78,,,19.31,,20.1,,20.95,,14.6,,56.58,,51.38,,,,50.54,16,54.89,64.26000000000001,,,2.66,,,,,,23.06,30.91,15.64,63.14,99.93000000000001,,,67.44,,98.88,98.34,52.67,51.34,,,,96.2,86.09999999999999,12.6,,82.05,30.9,83.45,63.9,68.39,,,,55.45,52.11,,,,,,,,44.68,,
14,Assam,18,Jorhat,312,1008.55,367155.6198,21557,17033,84111.00148000001,,,,38.68,32551,15.47,13037,5.06,4290,33.17,27925,5.43,4567,74.13,55988,84111.00148000001,22.54,82610,19.9,73064,25.86,94946,15.33,56285,72.42,265821,56.35,12158,21557,367155.6198,52.06,26.59,51.61,,,,11.47,,,,,,42.94,24.91,12.94,80.36,85.92,,,60.05,,98.90000000000001,99.19,78.31999999999999,66.95,,,,97.40000000000001,89.59999999999999,6.3,,96.48999999999999,41.9,97.40000000000001,81.44,85.38,,,,69.16,50.87,,,,,,,,56.64,,
15,Assam,18,Karbi Anglong,314,993.98,299433.6998,24215,17669,101859.4107,15103,,,31.61,32188,17.22,17520,8.699999999999999,8862,28.24,28724,4.29,4370,67.45999999999999,61763,101859.4107,10,29943,15.67,46921,20.1,60186,10.67,31950,59.54,178163,42.11,10195,24215,299433.6998,35.27,9.02,50.26,55.2,,,18.11,,,,,,30.26,26.13,9.09,75.16,79.56999999999999,,,54.09,,99.78,96.42,64.78,63.93,,,,90.94,89.3,5,,74.87,53.3,78.27,56.9,60.95,,,,64.31999999999999,44.92,,,,,,,,55.25,,
16,Assam,18,Majuli,668,995.39,,,,,,,,35.44,,14.12,,3.86,,22.21,,3.78,,72.95,,,17.99,,14.37,,19.67,,11.1,,68.14,,,,,,56.67,13.73,51.09,,,,14.2,,,,,,41.71,25.46,10.36,65.62,98.62,,,60.82,,99.78,98.44,76.08,72.23999999999999,,,,97.18000000000001,92.09999999999999,6.6,,90.29000000000001,62.6,93.5,73.54000000000001,73.45999999999999,,,,78.62,62.02,,,,,,,,56.35,,
17,Assam,18,Nagaon,305,1050.35,844179.3297,70787,61376,315243.9171,58012,,,38.89,122630,19.35,61157,5.15,16393,32.36,102139,7.38,23265,68.62,194265,315243.9171,21.49,181499,13.24,111769,16.44,138783,15.85,133802,60.97,514949,62.39,44171,70787,844179.3297,46.52,12.31,61.64,67.54000000000001,,,8.630000000000001,,,,,,22.13,42.57,14.96,66.09,96.12,,,59.39,,98.67,98.26000000000001,73.09,59.44,,,,97.05,91.2,11.3,,83.67,34.9,86.73999999999999,61.99,65.33,,,,58.23,47.9,,,,,,75.43000000000001,11.68,42.53,,
18,Assam,18,Sivasagar,311,988.58,382559.9079,20334,13736,94793.04171,,,,26.1,24741,21.06,20001,6.12,5782,25.93,24551,3.53,3346,67.45999999999999,57478,94793.04171,20.5,78425,21.46,82097,22.03,84278,15.29,58493,67.98,260141,54.33,11041,20334,382559.9079,53.74,23.8,54.87,,,,24.42,,,,,,47.06,27.87,12.76,82.26000000000001,92.65000000000001,,,60.66,,99.78,100,85.13,80.89,,,,96.53,95.7,5.3,,95.25,51.4,95.61,73.79000000000001,83.37,,,,77.62,64.94,,,,,,,,58.29,,
19,Assam,18,Sonitpur,306,1026.99,606333.2453,36462,35525,188007.0505,32788,,,36.67,68999,13.11,24629,4.53,8460,21.85,41174,3.23,6073,69.42,117208,188007.0505,21.4,129755,13.14,79672,24.83,150553,9.529999999999999,57784,64.28,389872,47.28,17247,36462,606333.2453,56.38,16.86,49.77,65.61,,,4.3,,,,,,24.25,24.02,6.51,72.15000000000001,82.87,,,66.92,,99.41,98.53,48.76,45.49,,,,99.23,91.40000000000001,14.2,,83.48999999999999,47.2,82.77,63.53,67.40000000000001,,,,70.90000000000001,58.67,,,,,,,,42.55,,
20,Assam,18,South Salmara Mancachar,669,967.5599999999999,,,,,,,,38.89,,18.22,,7.11,,27.86,,5.92,,69.56,,,11.94,,8.529999999999999,,15.46,,8.710000000000001,,58.24,,37.56,,,,47.43,18.27,50.37,66.26000000000001,,,7.12,,,,,,20.89,44.72,22,58.97,98.16,,,68.16,,98.94,99.37,60.14,35.33,,,,92.95999999999999,95.09999999999999,23.3,,71.70999999999999,34.2,79.38,62.61,56.07,,,,65.81999999999999,65.76000000000001,,,,,,,,60.92,,
21,Assam,18,West Karbi Anglong,670,958.74,,,,,,,,40.85,,23.21,,12.7,,31.1,,3.9,,79.03,,,13.07,,9.43,,16.98,,9.140000000000001,,58.78,,38.84,,,,39.85,10.58,56.17,75.64,,,12.77,,,,,,21.69,21.34,6.02,76.67,44.69,,,63.07,,98.94,98.73999999999999,55.54,46.72,,,,87.64,77.7,9.6,,72.51000000000001,67.3,84.48999999999999,55.71,60.5,,,,47.94,42.1,,,,,,,,50.7,,
22,Chhattisgarh,22,Balod,675,987.98,,13254,9844,,,,,33.56,,15.14,,8.039999999999999,,35.95,,7.7,,68.29000000000001,,,18.83,,12.16,,25.06,,8.1,,56.57,,48.61,6443,13254,,46.92,24.21,22.41,,,,2.87,,,,,,46.25,3.26,0,83.76000000000001,99.48999999999999,,,79.52,,96.73,99.42,72.73,81.45999999999999,,,,93.68000000000001,98,80,,97.34999999999999,59.9,99.15000000000001,90.84,89.06,,,,85.20999999999999,90.31999999999999,,,,,,,,,,
23,Chhattisgarh,22,Baloda Bazar,676,1070.09,,30694,23354,,23284,,,40.85,,19.36,,9.41,,34.11,,7.32,,67.77,,,19.44,,14.71,,22.63,,7.1,,61.46,,56.15,17235,30694,,21.62,12.56,35.44,73.27,,,11.5,,,,,,38.71,11.4,2.68,78.84999999999999,94.79000000000001,,,66.05,,97.86,98.56999999999999,59.28,49.47,,,,86.52,88,25.3,,78.14,45.4,86.17,72.64,69.70999999999999,,,,77.31999999999999,77.13,,,,,,,,70.28,,
24,Chhattisgarh,22,Balrampur,677,979.66,,24000,16776,,,,,35.14,,22.98,,7.93,,38.84,,1.61,,50.08,,,28.74,,9.94,,25.2,,7.94,,63.24,,65.45999999999999,15710,24000,,55.03,34.23,38.27,85.19,,46.56,13.35,,,,,,32.16,24.6,9.07,57.34,84.44,,,62.27,,99.53,88.52,76.39,52.09,,,,89.39,92.59999999999999,60.7,,78.89,53.5,89.23999999999999,78.59,72.73999999999999,,,,76.11,83.2,,,,,,,,,,
25,Chhattisgarh,22,Bastar,414,1068.01,435531.5958,20196,18426,172625.5242,18383,,,48.09,83016,20.37,35164,9.07,15657,45.22,78061,5.17,8925,80.70999999999999,125157,172625.5242,34.89,151957,8.73,38022,23.66,103047,9.02,39285,77.13,335926,78.95999999999999,15947,20196,435531.5958,31.1,18.18,42.03,70.58,,,10.64,,,,,,25.32,17.29,5.96,60.99,94.09,,,69.28,,97.12,92.36,57.25,55.07,,,,94.81,92.7,42.9,,63.54,43.2,72.63,69.19,64.56,,,,57.33,87.44,,,,,,73.92,35.66,52.84,,
26,Chhattisgarh,22,Bemetara,678,972.49,,17080,12195,,12077,,,38.35,,16.37,,3.9,,27.62,,4.07,,61.82,,,20.97,,14.86,,26.86,,8.359999999999999,,46.94,,49.15,8395,17080,,54.56,34.79,27.35,65.64,,,14.7,,,,,,32.99,15.12,4.9,80.48,98.81999999999999,,,63.38,,97.75,99.70999999999999,77.42,54.61,,,,89.04000000000001,96,55.8,,94.98,48.3,93.91,91.52,91.94,,,,93.43000000000001,88.98,,,,,,,,,,
27,Chhattisgarh,22,Bilaspur,406,1033.14,778586.3395999999,65633,47578,330646.0197,47016,,,25.73,85075,24.02,79421,10.93,36140,28,92581,4.4,14548,78.14,232092,330646.0197,27.18,211620,17.07,132905,24.44,190287,9.98,77703,59.29,461624,41.37,27152,65633,778586.3395999999,29.99,9.199999999999999,33.55,,,,15.21,,,,,,37.38,11.19,5.2,80.47,93.62,,,60.37,,98.61,92.91,52.45,46.87,,,,84.64,89.5,25.4,,79.44,31.8,85.64,75.73999999999999,78.58,,,,52.5,62.72,,,,,,,,72.09,,
28,Chhattisgarh,22,Dantewada,416,1098.42,169647.9395,8315,6070,60301.62984,5663,,,45.61,27504,19.35,11668,9.57,5771,45.84,27642,9.82,5922,89.87,48682,60301.62984,25.89,43922,6.75,11451,19.11,32420,8.07,13691,76.73,130171,62.99,5238,8315,169647.9395,27.47,12.63,34.47,86.13,,,19.62,,,,,,24.2,16.31,6.65,60.48,95.14,,,82.2,,98.26000000000001,98.70999999999999,65.34,68.2,,,,96.63,90.2,56.8,,90.45,68.8,88.67,84.92,84.94,,,,77.59999999999999,91.79000000000001,,,,,,,,,,
29,Chhattisgarh,22,Durg,409,956.54,1049349.358,36917,29259,352143.7277,,,,38.87,136878,16.9,59512,10.05,35390,27.74,97685,3.02,10635,57.06,180499,352143.7277,12.5,131169,23.87,250480,22.59,237048,11.16,117107,51.97,545347,41.19,15206,36917,1049349.358,46.5,28.73,18.52,,,,8.34,,,,,,52.69,4.33,.64,89.47,98.45999999999999,,,67.01000000000001,,97.95,99.42,71.08,69.84999999999999,,,,95.97,97.59999999999999,57.3,,96.70999999999999,43.2,97.98999999999999,94.23,92.47,,,,82.67,82.31999999999999,,,,,,,,,,
30,Chhattisgarh,22,Gariyaband,679,1048.17,,14429,8655,,8217,,,28.94,,21.92,,10.59,,22.09,,13.46,,73.91,,,20.01,,9.09,,22.58,,7.36,,65.04000000000001,,55.31,7981,14429,,39.85,26.09,31.16,93.75,,,9.359999999999999,,,,,,27.77,9.74,3.62,80.98,96.81999999999999,,,79.81999999999999,,99.22,98.33,57.99,57.84,,,,90.7,93.09999999999999,48.5,,87.56,45.1,84.93000000000001,86.34,82.34,,,,83.44,81.59999999999999,,,,,,,,40.09,,
31,Chhattisgarh,22,Kodagaon,680,1032.98,,14082,10508,,,,,37.59,,22.83,,8.75,,42.15,,5.48,,76.61,,,31.26,,6.08,,21.23,,7.61,,79.52,,87.59,12334,14082,,39.46,17.25,35.58,85.29000000000001,,,9.31,,,,,,24.67,11.75,3.03,79.52,98.77,,,80.58,,98.98,97.56,69.37,64.05,,,,95.38,95.90000000000001,59.6,,78.72,67.8,83.65000000000001,79.44,77.34,,,,70.13,84.73,,,,,,88.78,63,61.56,,
32,Chhattisgarh,22,Mungeli,681,1021.73,,25409,14314,,13907,,,30.14,,17.69,,5.01,,30.63,,2.06,,61.95,,,20.91,,17.52,,26.18,,11.42,,54.63,,50.28,12776,25409,,60.3,38.77,37.6,94,,,2.96,,,,,,32.16,20.48,3.06,80.68000000000001,97.95,,,67.98,,97.2,94.02,73.25,67.31999999999999,,,,94.66,92.8,56.4,,69.81,55.2,83.16,74.44,66.55,,,,79.7,87.69,,,,,,,,,,
33,Chhattisgarh,22,Raipur,410,982.79,1250733.945,59613,42195,478372.904,,,,32.22,154132,21.71,103855,10.25,49033,32.33,154658,5.57,26645,74.63,320704,478372.904,14.43,180481,15.7,196365,17.67,221005,9.199999999999999,115068,59.83,748314,37.14,22140,59613,1250733.945,46.13,25.59,36.38,71.86,,,7.93,,,,,,40.1,8.789999999999999,3.31,83.95,99.73,,,76.92,,99.38,100,82.42,65.59999999999999,,,,94.66,96.2,43.9,,90.70999999999999,37.6,95.8,88.38,86.7,,,,74.15000000000001,88.44,,,,,,,,,,
34,Chhattisgarh,22,Sukma,682,1078.19,,8067,5096,,4845,,,41.78,,21.15,,9.859999999999999,,37.39,,6.47,,91.40000000000001,,,34.51,,3.77,,14.47,,6,,79.02,,65.77,5306,8067,,27.64,19.82,38.01,85.76000000000001,,,20.88,,,,,,15.87,18.88,2.7,35.53,95.95999999999999,,,78.11,,99.02,98.42,58.94,73.98999999999999,,,,96.31,83.5,62.5,,81.22,69.09999999999999,84.8,80.61,79.84999999999999,,,,73.33,80.40000000000001,,,,,,,,57.12,,
35,Chhattisgarh,22,Surajpur,683,949.97,,23173,13389,,13257,,,27.58,,19.26,,5.79,,32.28,,.44,,51.08,,,29.46,,14.68,,24.97,,9.93,,60.96,,55.43,12845,23173,,56.33,33.78,23.32,85.17,,,11.35,,,,,,30.68,34.28,4.5,75.40000000000001,83.34999999999999,,,75.67,,99.33,92.17,55.32,48.85,,,,89.56999999999999,93.59999999999999,52.1,,85.87,43.3,79.94,82.97,81.22,,,,78.73,93.84,,,,,,,,,,
36,Chhattisgarh,22,Surguja,401,1035.96,672684.3105,29355,21889,300226.2505,,,,29.41,88297,17.5,52540,7.63,22907,30.55,91719,1.32,3963,51.35,138488,300226.2505,26.84,180548,15.25,102584,28.51,191782,8.970000000000001,60340,58.82,395673,46.4,13621,29355,672684.3105,54.49,38.23,32.29,87.2,,,9.94,,,,,,37.73,18.07,6.41,75.76000000000001,96.39,,,65.14,,99.34999999999999,97.65000000000001,70.34999999999999,57.71,,,,95.40000000000001,96.40000000000001,58.6,,85.34,57.3,89.42,83.39,79.14,,,,84.55,86.26000000000001,,,,,,,,,,
37,Delhi,7,Central,95,901.12,222302.6102,97375,41535,48238.02365,40853,,,33.46,16140,13.52,6522,7.02,3386,25.5,12301,4.09,1973,70.34,30480,48238.02365,10.38,23075,44.76,99503,26.53,58977,11.7,26009,45.11,100281,,,97375,222302.6102,62.15,43.33,47.64,,,,18.2,,,,,,57.05,11.18,4.02,76.98999999999999,99.65000000000001,,,22.61,,96.81999999999999,94.02,70.38,73.06,,,,88.33,95.8,12.8,,92.2,7.1,90.87,84.90000000000001,90.06,,,,82.05,48.76,,,,,,,,76.31999999999999,,
38,Delhi,7,East,93,885.18,650361.8369,42487,13877,148232.2323,13319,,,35.21,52193,15.73,23317,4.33,6418,29.91,44336,6.06,8983,65.94,87804,148232.2323,11.89,77328,41.25,268274,25.78,167663,11.72,76222,42.6,277054,37.23,15818,42487,650361.8369,76.73,53.94,60.31,54.16,,,23.02,,,,,,57.23,12.84,1.26,78.01000000000001,98.36,,,30.67,,98.09999999999999,96.55,85.70999999999999,89.66,,,,97.06,94.3,41,,92.56999999999999,13.7,94.92,89.97,88.39,,,,74.61,58.72,,,,,,85.73,48.33,75.22,,
39,Delhi,7,New Delhi,94,858.68,54960.91193,80983,45330,9505.110911,,,,27.35,2600,6.84,650,2.88,274,20.66,1964,3.65,347,72.84999999999999,6220,9505.110911,12.77,7019,41.76,22952,25.79,14174,12.04,6617,56.1,30833,,,80983,54960.91193,69.72,51.73,48.55,71.56,,,15.64,,,,,,57.87,10.21,5.18,69.44,99.11,,,25.18,,98.14,96.75,83.2,80.06,,,,93.79000000000001,95.09999999999999,33.1,,91.76000000000001,5.9,92.81,86.38,85.61,,,,82.17,55.42,,,,,,,,82.29000000000001,,
40,Delhi,7,North,91,904.99,336191.8358,43538,10931,78034.69614,8355,,,24.95,19470,8.85,6906,3.82,2981,17.43,13601,2.94,2294,67.48,47303,78034.69614,9.24,31064,41.83,140629,21.28,71542,10.63,35737,47.12,158414,48.42,21081,43538,336191.8358,55.69,41.71,46.88,69.78,,,16.79,,,,,,53.87,17,8.15,70.19,99.26000000000001,,,18.05,,93.76000000000001,85.62,55.02,50.64,,,,87.37,93,28.3,,89.73999999999999,9.800000000000001,91.31,68.91,73.41,,,,66.23,47.32,,,,,,52.92,21.17,69.51000000000001,,
41,Delhi,7,North East,92,906.45,835892.9701,53984,8431,228722.4614,6831,,,38.69,88493,8.800000000000001,20128,3.83,8760,21.8,49861,6.24,14272,62.54,128496,228722.4614,9.57,79995,43.33,362192,27.16,227029,12.94,108165,46.06,385012,39.37,21254,53984,835892.9701,78.09999999999999,55.77,50.3,74.8,,,29.54,,,,,,59.8,4.99,1.61,89.52,98.2,,,19.36,,96.26000000000001,94.31999999999999,81.62,86.19,,,,95.48999999999999,95.40000000000001,34.2,,89.19,7.7,89.8,82.62,85.93000000000001,,,,86.40000000000001,42.75,,,,,,61.21,46.44,69.89,,
42,Delhi,7,North West,90,903.92,1353233.889,65189,44992,339570.5015,44536,,,26.87,91243,10.91,37047,5.9,20035,22.76,77286,3.23,10968,73.62,224569,339570.5015,9.029999999999999,122197,43.16,584056,24.09,325994,14.37,194460,51.72,699893,40.61,26473,65189,1353233.889,65.59999999999999,48.26,48.35,51.58,,,10.16,,,,,,62.91,10.13,3.65,88.22,99.66,,,28.21,,97.63,97.87,84.84,77.93000000000001,,,,94.03,91.8,26.3,,93.97,14.5,95.45999999999999,86.11,85.06999999999999,,,,78.28,54.43,,,,,,64.63,45.11,79.18000000000001,,
43,Delhi,7,Shahdara,644,934.62,,101011,41751,,41308,,,32.91,,21.17,,11.53,,30.17,,3.7,,71.39,,,10.96,,42.83,,26.12,,12.27,,49.44,,,,101011,,67.8,37.5,50.04,64.93000000000001,,,8.25,,,,,,58.37,7.26,3.6,83.37,99.81,,,21.53,,96.34999999999999,93.63,80.84,88.91,,,,95.95999999999999,94.3,35.9,,95.8,4.9,97.19,91.5,92.34,,,,82.51000000000001,67.77,,,,,,,,69.73999999999999,,
44,Delhi,7,South,98,921.78,1025609.161,40630,13418,250017.0027,12441,,,33.37,83431,9.4,23502,1.71,4275,18.94,47353,7.06,17651,65.36,146793,250017.0027,10.08,103381,40.03,410551,22.34,229121,12.13,124406,46.31,474960,,,40630,1025609.161,70.8,49.19,46.62,70.86,,,17.83,,,,,,61.64,6.58,1.46,89.45999999999999,100,,,28.68,,98.64,96.63,82.7,85.56999999999999,,,,97.79000000000001,96.09999999999999,19.8,,81.97,10.5,90,82.88,81.34,,,,86.15000000000001,37.82,,,,,,,,,,
45,Delhi,7,South East,645,948.71,,71898,15401,,14301,,,21.68,,14.68,,7.08,,20.4,,4.62,,72.73999999999999,,,7.67,,32.95,,23.71,,9.859999999999999,,48.27,,35.05,25200,71898,,78.79000000000001,53.04,70.06,,,,17.01,,,,,,65.5,7.54,2.61,83.76000000000001,100,,,24.45,,96.77,96.23999999999999,84.23,83.23999999999999,,,,96,89.90000000000001,44.6,,96.14,6.6,97.8,92.25,91.95,,,,64.64,74.14,,,,,,89.8,67.14,71.29000000000001,,
46,Delhi,7,South West,97,881.27,866181.6026,55828,18453,204691.8179,17825,,,27.11,55492,10.64,21779,3.39,6939,16.82,34429,4.7,9621,70.06999999999999,128842,204691.8179,9.02,78130,42.92,371765,19.47,168646,12.61,109226,56.68,490952,44.17,24659,55828,866181.6026,74.76000000000001,54.9,51.77,,,,15.18,,,,,,68.44,7.54,4.71,86.15000000000001,99.72,,,37.72,,96.81999999999999,96.2,83.83,90.97,,,,94.67,94.09999999999999,35,,92.51000000000001,7.3,92.98,92.42,88.31,,,,77.28,58.1,,,,,,,,72.7,,
47,Delhi,7,West,96,952.62,944415.1828,146586,31850,218666.1535,30717,,,36.12,78982,8.35,18259,3.48,7610,18.98,41503,2.1,4592,68.45999999999999,134475,218666.1535,10.53,99447,40.6,383433,23.78,224582,12.91,121924,57.4,542094,49.19,72106,146586,944415.1828,67.45,49.23,47.84,,,,12.94,,,,,,56.31,10.49,1.21,76.81999999999999,99.78,,,20.96,,96.34,90.48,65.31,67.06,,,,91.7,93.2,25.3,,91.75,6.4,93.92,86.92,91.34999999999999,,,,67.52,47.56,,,,,,62.79,14.75,82.2,,
48,Gujarat,24,Ahmadabad,474,928.43,2440611.617,160637,147899,654143.7399,,,,35.45,232221,17.54,114475,7.4,48407,33.97,222409,4.57,29894,72.01000000000001,423087,654143.7399,19.37,473479,30.12,735112,18.51,451757,20.33,496176,63.49,1549788,70.12,112607,160637,2440611.617,69.04000000000001,54.27,33.9,,,,2.98,,,,,,42.65,17.51,4.38,86.38,98.73,,,36.23,,98.68000000000001,98.65000000000001,73.51000000000001,77.76000000000001,,,,85.91,92.8,36.4,,94.45,14.1,95.29000000000001,89.97,86.44,,,,65.23,85.08,,,,,,,,,,
49,Gujarat,24,Aravali,685,996.23,,23331,21422,,21128,,,47.08,,29.03,,9.26,,47.24,,3.28,,89.54000000000001,,,34.41,,18.05,,20.96,,12.39,,77.11,,82.59,19271,23331,,55.96,41.37,33.02,51.03,,,9.43,,,,,,34.67,26.96,6.65,56.32,98.45,,,43.89,,93.45999999999999,95.77,62.63,73.84,,,,89.65000000000001,90.8,45.9,,92.18000000000001,17.2,93.02,87.58,85.13,,,,76.98999999999999,84.58,,,,,,56.65,28.54,69.43000000000001,,
50,Gujarat,24,Bhavnagar,481,941.9,923557.5814,49896,45564,294614.2716,43631,,,32.63,96044,29.61,87206,6.33,18561,39.53,116373,1.77,5215,71.54000000000001,189227,294614.2716,20.81,192100,29.35,271064,20.08,185450,16.44,151833,49.09,453467,56.17,28042,49896,923557.5814,45.21,28.61,33.87,,,,11.22,,,,,,26.25,17.96,1.49,72.87,95.09,,,32.17,,87.23,94.78,76.64,70.90000000000001,,,,90.53,81.90000000000001,36.8,,94.18000000000001,5.3,95.97,87.04000000000001,90.43000000000001,,,,74.27,83.11,,,,,,65.38,35.1,61.54,,
51,Gujarat,24,Botad,686,974.8,,15239,13804,,13722,,,32.17,,26,,9.6,,32.33,,5.76,,75.53,,,19.64,,27.34,,12.52,,16.72,,59.14,,48.5,7391,15239,,54.63,36.71,35.88,,,,8.119999999999999,,,,,,22,12.96,2.22,71.95999999999999,99.23,,,37.97,,98.65000000000001,98.23999999999999,82.29000000000001,82.70999999999999,,,,82.34,81.8,30.6,,93.45,14.6,74.52,85.43000000000001,86.94,,,,65.06999999999999,73.97,,,,,,,,,,
52,Gujarat,24,Chhota Udaipur,687,1015.86,,26691,18408,,17631,,,48.59,,28.37,,13.84,,48.09,,4.84,,87.66,,,30.87,,7.57,,19.37,,10.42,,79.13,,72.06,19244,26691,,59.37,45.45,24.39,58.67,,,2.38,,,,,,20.25,27.52,4.33,52.95,97.40000000000001,,,39.95,,94.26000000000001,99.59999999999999,81.86,81.22,,,,94.45,92.2,49.2,,85.72,29.3,88.34,91.14,87.41,,,,81.69,95.98999999999999,,,,,,67.77,41.89,68.06,,
53,Gujarat,24,Devbhumi Dwarka,688,1010.24,,14559,12500,,12415,,,30.23,,26.07,,17.19,,36.23,,4.85,,66.65000000000001,,,22.35,,24.06,,18.13,,13.5,,48.75,,49.08,7148,14559,,29.07,12.18,55.83,67.26000000000001,,,5.84,,,,,,15.76,11.63,3.8,73.37,93.91,,,33.54,,97.51000000000001,98.34,84.05,76.56,,,,90.26000000000001,91.40000000000001,51.6,,94.8,15.6,91.7,90.09999999999999,88.25,,,,73.31,77.27,,,,,,69.36,22.95,72.06999999999999,,
54,Gujarat,24,Gir Somnath,689,980.6,,24643,20910,,,,,44.43,,18.53,,4.87,,30.33,,4.97,,68.92,,,24.75,,17.31,,14.03,,13.2,,49.64,,57.7,14219,24643,,53.48,35.36,37.64,75.56999999999999,,,14.6,,,,,,30.75,9.890000000000001,.9399999999999999,74.27,98.2,,,46.63,,87.55,95.63,79.19,80.69,,,,89.31999999999999,81.40000000000001,46.3,,87.12,7.5,91.81999999999999,90.84,87.65000000000001,,,,69.86,90.62,,,,,,58.01,34.97,87.09,,
55,Gujarat,24,Jamnagar,477,1003.88,708386.6806,31986,19379,202234.357,18948,,,28.35,57435,23.8,48132,12.54,25279,28.86,58446,3.61,7301,74.98999999999999,136251,202234.357,17.26,122551,29.54,209257,18.07,128005,15.29,108312,50.57,358444,,,31986,708386.6806,52.47,32.92,44.56,73.97,,,10.73,,,,,,35.26,6.81,1.02,86.59999999999999,99.73999999999999,,,38.6,,99.20999999999999,99.53,91.69,73.78,,,,94.97,83.5,48.5,,96.48999999999999,10.9,96.22,92.43000000000001,86.37,,,,78.40000000000001,91.51000000000001,,,,,,,,,,
56,Gujarat,24,Junagadh,479,999.37,909796.7742,22006,21325,236924.3011,,,,37.28,88373,17.32,40988,7.08,16822,26.43,62548,4.37,10354,74.72,158984,236924.3011,18.71,170132,33.37,303599,23.25,211528,18.54,168676,58.82,534961,57.26,12609,22006,909796.7742,39.59,28.01,32.5,,,,5.15,,,,,,34.96,11.23,4.95,81.68000000000001,97.04000000000001,,,47.25,,97.41,100,81.95999999999999,72.54000000000001,,,,88.17,81.40000000000001,34.5,,97.42,20.5,97.73999999999999,84.05,82.81999999999999,,,,93.47,87.94,,,,,,,,,,
57,Gujarat,24,Kheda,483,934.29,737203.0946,51954,41952,228514.2486,,,,37.26,85236,30.88,70611,12.13,27650,39.49,90263,2.51,5736,85.08,174689,228514.2486,32.24,237379,17.76,130927,24.03,177150,16.04,118247,76.20999999999999,561749,72.94,37874,51954,737203.0946,42.44,26.98,25.8,47.4,,,1.24,,,,,,24.19,49.17,10.43,63.34,97.69,,,32.2,,89.79000000000001,98.06999999999999,63.98,61.2,,,,83.2,80.2,41.2,,95.18000000000001,13.8,88.41,85.06999999999999,83.19,,,,68.98999999999999,78.09,,,,,,40.88,32.58,60.02,,
58,Gujarat,24,Mahisagar,690,992.53,,25333,24397,,,,,43.43,,26.2,,11.97,,48.98,,2.64,,85.86,,,30.69,,9.43,,16.25,,12.26,,73.15000000000001,,56.5,14313,25333,,63.25,45.72,21.52,64.38,,,3.04,,,,,,33.91,30.66,6.09,44.42,94.79000000000001,,,46,,96.56999999999999,97.34999999999999,77.20999999999999,76.63,,,,89.41,90.2,50.6,,92.98,28.3,92.69,90.90000000000001,91.12,,,,79.98,86.81,,,,,,87.64,46.71,71.04000000000001,,
59,Gujarat,24,Morbi,700,980.52,,22960,20581,,20449,,,32.91,,25.21,,12.51,,32.34,,3.99,,75.33,,,21.18,,24.61,,18.35,,17.77,,50.7,,50.11,11503,22960,,55.83,43.02,47.06,75.06999999999999,,,10.16,,,,,,35.38,8.890000000000001,3.38,80.08,98.33,,,34.41,,98.11,96.67,89.83,75.11,,,,89.95,86.2,41.9,,94.78,7.4,96.39,89.92,87.78,,,,64.17,82.56999999999999,,,,,,,,,,
60,Gujarat,24,Panch Mahals,484,969.16,735902.0999,44845,34737,285540.9378,,,,47.12,134490,35.71,101938,19.65,56252,51.85,148196,3.36,9594,90.95,233418,285540.9378,33.05,243584,16.07,118259,22.46,165284,13.81,101628,69.48999999999999,511452,73.95,33185,44845,735902.0999,64.20999999999999,42.18,40.16,58.87,,,3.04,,,,,,28.41,34.07,10.45,58.93,90.95,,,33.95,,95.42,96.55,73.95999999999999,88.73,,,,92.19,95.40000000000001,58,,88.41,9.4,84.2,87.97,89.22,,,,95.44,87.64,,,,,,67.84999999999999,43.9,76.11,,
61,Gujarat,24,Rajkot,476,974.72,1277387.263,65912,62231,340517.9881,,,,38.94,132461,17.55,59931,7.29,24858,37.01,125992,8.119999999999999,27650,76.98999999999999,235535,340517.9881,19.53,249091,27.97,357285,17.75,226736,16.56,211535,60.63,774097,,,65912,1277387.263,60.61,41.97,45.24,,,,14.19,,,,,,42.59,12.11,1.76,85.44,99.5,,,45.13,,98.59,98.20999999999999,93.95999999999999,93.52,,,,94.83,82.40000000000001,52.4,,99.28,5.7,100,98.05,98.26000000000001,,,,84.87,84.23999999999999,,,,,,,,,,
62,Gujarat,24,Sabar Kantha,472,986.84,767778.9491,34146,31310,274600.672,30982,,,37.01,101602,33.08,90893,16.59,45584,41,112586,4.9,13455,81.12,200054,274600.672,26.57,204229,15.48,118852,24,184267,13.72,105339,67.94,521322,49.4,16868,34146,767778.9491,52.19,24.58,37.06,71.56,,,5.09,,,,,,31.1,26.96,6.11,60.97,90.72,,,49.32,,94.55,99.11,70.09999999999999,73.23999999999999,,,,90.66,92,60.2,,89.43000000000001,11.6,83.03,86.93000000000001,83.91,,,,88.47,87.56,,,,,,66.25,31.31,75.90000000000001,,
63,Gujarat,24,Surendranagar,475,957.42,551947.6385999999,32858,28321,184884.9557,,,,39.16,72475,27.14,50104,8.77,16270,41.78,77282,5.24,9688,81.01000000000001,134527,184884.9557,24.09,133019,20.73,114419,17.11,94438,16.37,90354,55.42,305779,60.83,19978,32858,551947.6385999999,39.59,25.37,30.02,67.54000000000001,,,.85,,,,,,23.28,19.52,6.3,63.75,96.88,,,50.44,,97.55,98.56999999999999,84.01000000000001,57.45,,,,90.68000000000001,79.09999999999999,40.8,,85.58,11.6,83.59,78.36,73.34999999999999,,,,62.52,79.42,,,,,,63.5,22.19,79.77,,
64,Gujarat,24,Vadodara,486,953.34,1368105.007,65576,49220,388605.3286,48761,,,42.26,164380,20.06,78110,5.15,20207,39.85,155054,6.43,24987,86.43000000000001,301610,388605.3286,20.86,285934,27.63,378007,24.26,331902,16.61,227242,72.56,993244,65.87,43215,65576,1368105.007,53.14,41.31,44.63,,,,5.06,,,,,,46.41,22.77,10.31,85.62,99.48999999999999,,,41.66,,94.56999999999999,96.59,80.44,65.92,,,,93.06999999999999,84.5,37.7,,95.92,8.1,95.19,90.68000000000001,88.66,,,,84.93000000000001,91.62,,,,,,52.48,22.38,72.97,,
65,Haryana,6,Bhiwani,81,984.9400000000001,541903.5673,19177,19834,160538.9713,19730,,,29,46556,6.03,9680,1.9,3050,20.64,33135,.99,1589,69.20999999999999,99810,160538.9713,19.53,105834,28.06,152058,18.69,101282,10.2,55274,66.8,361992,54.12,10379,19177,541903.5673,53.3,30.29,48.89,73.14,,,8.44,,,,,,47.02,15.03,3.36,89.67,97.51000000000001,,,28.24,,94.52,93.29000000000001,89.03,60.36,,,,92.69,89.8,46.1,,97.7,4.9,97.81999999999999,91.48,91.17,,,,72.51000000000001,63.62,,,,,,,,,,
66,Haryana,6,Charkhi Dadri,643,963.6,,9881,5194,,,,,23.91,,10.64,,2.58,,16.87,,1.76,,67.20999999999999,,,16.96,,28.75,,20.61,,10.33,,73.06999999999999,,62.4,6166,9881,,48.9,30.91,55.27,62.98,,,11.51,,,,,,54.45,11.8,3.13,90.40000000000001,97.31999999999999,,,29.71,,95.45,95.31,82.63,53.44,,,,87.70999999999999,95.7,47.9,,98.94,10.6,99.68000000000001,93.88,91.86,,,,84.16,68.26000000000001,,,,,,,,,,
67,Madhya Pradesh,23,Agar Malwa,684,918.73,,13774,9707,,,,,40.26,,18.7,,5.71,,35.67,,0,,71.64,,,26.72,,8.81,,21.2,,19.49,,59.45,,,,13774,,54.78,44.64,55.58,,,,.01,,,,,,19.29,35.56,5.28,72.29000000000001,81.43000000000001,,,58.88,,99.84999999999999,98.58,70.05,76.53,,,,97.09,85.59999999999999,38.8,,98.88,63.9,93.59,89.94,92.92,,,,75.76000000000001,91.95999999999999,,,,,,,,,,
68,Madhya Pradesh,23,Shajapur,436,957.18,458502.8182,20197,14181,180246.3484,,,,27.82,50145,23.4,42178,9.69,17466,27.61,49766,2.47,4452,76.06999999999999,123170,180246.3484,23.08,105822,16.02,73452,23.32,106923,7.03,32233,45.89,210407,44.47,8982,20197,458502.8182,48.69,29.84,43.43,79.45999999999999,,,8.19,,,,,,19.61,24.43,5.91,74.51000000000001,91.75,,,34.33,,97.23,97.92,85.79000000000001,64.68000000000001,,,,96.33,92.8,25.2,,98.14,52.7,95.37,85.63,88.23999999999999,,,,89.98,72.97,,,,,,,,77.16,,
69,Maharashtra,27,Palghar,701,963.15,,64190,54497,,54360,,,32.97,,23.93,,10.47,,37.11,,9.32,,70.31,,,27.85,,17,,23.35,,12.24,,57.17,,48.54,31132,64190,,65.3,44.26,60.13,,,,5.21,,,,,,48.28,14.61,4.67,75.05,91.09,,,18.82,,86.52,92.88,84.68000000000001,86.31999999999999,,,,94.43000000000001,86.3,11.8,,94.18000000000001,18.5,95.66,96.97,96.47,,,,93.98999999999999,72.69,,,,,,,,70.93000000000001,,
70,Maharashtra,27,Thane,517,981.59,3617005.588,170239,144966,881409.5118,143839,,,40.76,359615,17.78,156891,6.96,61699,30.81,271474,4.95,43630,67.94,537615,881409.5118,18.93,683614,30.72,1111144,24.51,886528,15.69,567508,58.84,2126799,,,170239,3617005.588,54.93,32.18,54.33,,,,4.64,,,,,,55.92,18.37,4.03,74.68000000000001,96.73,,,22.73,,97.54000000000001,93.37,58.88,70.19,,,,97.42,86.90000000000001,28.2,,93.62,7,93.86,87.23,93.27,,,,74.90000000000001,68.73,,,,,,,,,,
71,Meghalaya,17,East Garo Hills,294,1025.95,101923.6566,5762,4505,23516.42534,1805,,,39.73,9336,20.08,4727,6.24,1458,26.54,6232,4.14,974,28,5915,23516.42534,8.51,8664,7.01,7145,15.3,15594,9.33,9509,52.14,53102,29.06,1677,5762,101923.6566,28.77,7,47.96,,,,43.92,,,,,,40.45,13.69,2.24,83.92,67,,,71.84999999999999,,69.02,92.12,59.24,25.52,,,,74.45,86,11.8,,73.81999999999999,14.8,80.83,59.91,57.49,,,,72.40000000000001,56.62,,,,,,79.09999999999999,63.34,64.06999999999999,,
72,Meghalaya,17,East Jantia Hills,660,1065.56,,4621,2617,,1089,,,49.83,,8.470000000000001,,2.85,,23.59,,3.67,,47.15,,,13.53,,15.21,,18.67,,6.3,,43.67,,46.49,,4621,,51.85,25.65,85.27,50.49,,63.08,25.46,,,,,,22.97,25.28,14.35,83.56999999999999,74.59,,,74.09999999999999,,97.17,94.56999999999999,55.54,58.62,,,,87.65000000000001,89,2.8,,48.4,27.8,55.7,49.08,44.98,,,,74.42,70,,,,,,72.79000000000001,42.21,72.04000000000001,,
73,Meghalaya,17,North Garo Hills,661,1008.8,,5349,3381,,1647,,,35.64,,11.72,,5.6,,15.83,,7.32,,30.15,,,7.68,,11.14,,19.95,,12.22,,58.9,,40.81,2182,5349,,23.74,7.94,62.26,,,,13.23,,,,,,38.43,13.19,3.73,84.89,51.51,,,60.84,,84.13,85.78,40.3,24.28,,,,55.53,69.09999999999999,6.3,,61.52,9.699999999999999,63.2,40.47,41.82,,,,47.53,42.56,,,,,,,,56.61,,
74,Meghalaya,17,South West Garo Hills,662,994.72,,5123,4175,,3047,,,32.24,,19.92,,7.12,,26.36,,3.27,,35.47,,,8.539999999999999,,9.02,,13.61,,12.88,,63.64,,37.81,1936,5123,,28.3,11.02,54.46,,,,30.01,,,,,,32.98,15.27,6.3,71.37,58.58,,,75.08,,74.47,98.98999999999999,57.04,28.51,,,,80.7,82.3,13.6,,83.68000000000001,15.5,88.31999999999999,60.59,55.12,,,,85.36,53.01,,,,,,89.45999999999999,46.37,70.73,,
75,Meghalaya,17,South West Khasi Hills,663,1024.69,,4055,2778,,741,,,51.37,,10.44,,4.07,,27.61,,3.52,,61.26,,,17.18,,8.85,,18.49,,6.34,,58.48,,63.19,2563,4055,,53.77,19.75,76.81999999999999,54.35,,65.59,31.2,,,,,,23.42,21.58,13.18,89.59999999999999,85.34,,,72.34,,99.7,97.01000000000001,48.5,63.35,,,,85.63,92.09999999999999,3.2,,41.69,31,49.26,42.88,38.66,,,,78.84,63.97,,,,,,73.05,31.13,67.69,,
76,Meghalaya,17,West Garo Hills,293,1024.68,206087.9267,16790,14420,45659.51878,8327,,,39.5,18036,14.9,6803,4.74,2146,26.26,12008,5.15,2351,30.19,12387,45659.51878,7.71,15869,7.18,14797,17.39,35839,12.05,24834,57.23,117882,26.68,4483,16790,206087.9267,48.16,14.91,47.16,,,,17.19,,,,,,45.11,10.35,1.03,86.31,83.68000000000001,,,77.86,,88.51000000000001,97.59999999999999,65.14,48.03,,,,91.28,87.3,20.7,,89.63,18.2,87.52,70.90000000000001,67.18000000000001,,,,77.05,68.20999999999999,,,,,,,,78.20999999999999,,
77,Meghalaya,17,West Jaintia Hills,664,1143.2,,13854,10650,,6408,,,48.72,,9.699999999999999,,4.04,,28.34,,3.03,,54.62,,,9.619999999999999,,15.39,,17.98,,8.800000000000001,,55.31,,64.63,,13854,,32.69,19.84,88.47,46.41,,77.70999999999999,24.49,,,,,,24.65,19.92,11.92,75.09999999999999,70.63,,,65.59999999999999,,97.29000000000001,88.05,43.95,43.12,,,,79.19,82.59999999999999,1.6,,42.17,19,50.72,28.57,30.8,,,,59.7,63.24,,,,,,71.31,41.86,79.09999999999999,,
78,Meghalaya,17,West Khasi Hills,296,1038.25,108365.576,13534,10897,36630.87568,5233,,,58.99,21612,7.97,2930,2.68,989,31.06,11392,3.13,1147,56.19,18493,36630.87568,14.62,15821,8.720000000000001,9449,15.96,17295,5.64,6112,52.06,56458,49.62,6713,13534,108365.576,51.64,21.02,81.19,41.48,,59.78,27.54,,,,,,16.41,30.33,12.88,87.78,80.52,,,60.12,,97.3,97.29000000000001,45.29,64,,,,81.64,87.40000000000001,2.9,,41.74,33.6,49.25,41.98,41.44,,,,62.52,63.41,,,,,,75.09,48.75,75.31,,
79,Punjab,3,Fazilka,641,943.8,,16687,13593,,13170,,,35.93,,9.49,,3.66,,20.19,,4.23,,70.04000000000001,,,19.35,,31.61,,27.9,,13.28,,67.06,,62.61,10448,16687,,38.56,25.88,50.49,62.69,,,12.99,,,,,,41.27,12.37,2.64,81.81,97.26000000000001,,,20.57,,97.13,95.02,65.15000000000001,36.47,,,,84.25,80,18.3,,91.67,10.9,93.66,84.27,83.63,,,,60.54,57.56,,,,,,,,56.74,,
80,Punjab,3,Firozpur,43,957.66,641887.77,16655,8772,171140.9526,8371,,,30.03,51394,12.93,22129,2.24,3834,22.01,37668,2.87,4912,73.34999999999999,112766,171140.9526,12.61,80942,39.24,251877,29.65,190320,13.22,84858,61.43,394312,61.95,10318,16655,641887.77,40.31,22.86,48.72,66.56999999999999,,,6.39,,,,,,47.45,10.51,1.87,84.77,95.56999999999999,,,21.03,,97.61,97.17,67.23,48.44,,,,84.98999999999999,83.90000000000001,21.7,,95.53,14,97.53,83.91,84.69,,,,74.53,57.59,,,,,,,,70.14,,
81,Punjab,3,Gurdaspur,35,952.27,735638.9918,25287,21031,174398.1494,20758,,,25.08,43739,9.449999999999999,16481,4.52,7883,15.28,26648,6.51,11353,70.12,109852,174398.1494,11.12,81803,41.04,301906,36.77,270494,15.12,111229,55.66,409457,43.12,10904,25287,735638.9918,56.09,43.37,50.47,43.79,,,14.63,,,,,,64.55,6.51,8.19,85.42,97.56,,,23.47,,95.20999999999999,98.7,69.36,61.09,,,,94.77,89.59999999999999,23.5,,92.40000000000001,7.7,92.66,85.95999999999999,83.81999999999999,,,,80.02,80.25,,,,,,,,,,
82,Punjab,3,Pathankot,642,952.22,,9435,12898,,12816,,,22.13,,10.26,,2.9,,10.75,,7.82,,68.26000000000001,,,11.02,,39.96,,32.96,,15.12,,55.77,,31.76,2997,9435,,61.29,43.56,41.37,49.41,,,8.73,,,,,,74.04000000000001,4.58,2.67,79.18000000000001,98.59,,,26.99,,96.55,97.92,63.53,52.42,,,,97.26000000000001,87.3,19.7,,94.8,7.7,94.95,88.51000000000001,82.43000000000001,,,,77.37,65.77,,,,,,,,,,
83,Telangana,36,Adilabad,532,991.99,805986.1298,13809,14169,214695.5758,14109,,,45.73,98116,29.49,63335,12.9,27696,52,111642,2.93,6291,76.25,147154,214695.5758,26.9,216810,15.73,126782,23.1,186183,10.78,86885,61.11,492458,60.95,8423,13809,805986.1298,44.38,21.81,20.43,72.22,,,9.56,,,,,,41.04,21.41,7.83,50.84,95.65000000000001,,,63.62,,97.58,94.06999999999999,89.7,74.78,,,,90.93000000000001,80.40000000000001,29.7,,94.11,13.2,93.89,83.42,80.28,,,,69.29000000000001,85.7,,,,,,65.04000000000001,42.7,74.95,,
84,Telangana,36,Bhadradri Kothagudem,702,1081.65,,16222,14350,,13924,,,28.41,,21.84,,9.029999999999999,,25.25,,3.69,,69.33,,,14.87,,31.04,,29.61,,18.34,,69.3,,50.64,,16222,,62.49,42.3,40.24,,,,12.44,,,,,,41.78,20.8,13.01,75.33,99.06,,,59.37,,97.65000000000001,98.56,92.75,70.13,,,,91.19,90.59999999999999,31.9,,97.37,18.4,94.19,87.14,85.42,,,,80.41,73.18000000000001,,,,,,,,82.39,,
85,Telangana,36,Hyderabad,536,959,1214408.972,124366,139246,335941.4907,138682,,,30.41,102126,17.67,59462,8.01,26875,18.91,63493,4.33,14546,63.57,191931,335941.4907,12.43,150587,51.04,619834,30.22,366994,21.22,257698,52.48,637565,,,124366,1214408.972,72.2,38.38,48.1,,,,4.78,,,,,,63.16,10.62,2.2,84.43000000000001,99.56,,,48.9,,97.41,94.38,87.94,69.93000000000001,,,,89.59999999999999,90.8,20.8,,98.31999999999999,6.7,94.58,91.17,94.88,,,,73.76000000000001,62.03,,,,,,,,,,
86,Telangana,36,Jagitial,703,1219.33,,15991,17070,,15669,,,29.85,,17.5,,8.41,,32.29,,5.46,,59.85,,,22.45,,26.03,,25.46,,15.51,,56.39,,,,15991,,53.45,36.28,27.49,,,,13.62,,,,,,43.46,28.43,3.06,76.48999999999999,97.33,,,59.22,,96.48,95.5,94.64,81.84999999999999,,,,87.89,88.59999999999999,18.3,,94.43000000000001,19.8,91.89,84.09,89.93000000000001,,,,77.68000000000001,72.48,,,,,,,,72.97,,
87,Telangana,36,Jangoan,704,1066.22,,7564,7641,,7633,,,33.4,,22.87,,10.12,,30.89,,6.42,,69.47,,,18.19,,24.14,,26.11,,14.35,,57.33,,,,7564,,59.4,34.8,41.94,79.34,,,10.72,,,,,,44.04,20.33,6.5,84.34,99.37,,,71.68000000000001,,96.81,98.84999999999999,89.69,65.41,,,,86.08,94.40000000000001,21.7,,99.56,5.3,90.06999999999999,85.61,96.51000000000001,,,,84.22,80.75,,,,,,,,81,,
88,Telangana,36,Jayashankar Bhupalapally,705,1078.93,,10701,5135,,4903,,,32.45,,31.83,,14.55,,36.67,,1.41,,67.93000000000001,,,17.67,,22.36,,28.41,,13.51,,66.42,,,,10701,,58.93,35.26,44.59,,,,12.62,,,,,,36.33,24.86,13.16,65.58,95.14,,,71.47,,97.68000000000001,93.98999999999999,94.56999999999999,72.72,,,,94.08,85.09999999999999,24.1,,99.48999999999999,13.6,95.08,89.06,89.59,,,,87.90000000000001,70.47,,,,,,,,71.19,,
89,Telangana,36,Jogulamba Gadwal,706,1036.52,,27092,9019,,7217,,,49.7,,17.29,,4.89,,41.73,,2.79,,82.39,,,27.51,,21.89,,21.49,,9.27,,64.06,,76.87,,27092,,56.64,27.61,40.01,76.73999999999999,,,7.22,,,,,,27.41,34.6,15.85,73.73,96.98,,,61.75,,85.31,96.51000000000001,88.29000000000001,72.91,,,,92.56999999999999,86.59999999999999,21.8,,94.15000000000001,12.1,91.65000000000001,88.3,88.23999999999999,,,,86.84999999999999,75.01000000000001,,,,,,,,88.70999999999999,,
90,Telangana,36,Kamareddy,707,1103.84,,35831,17500,,15955,,,33.36,,34.47,,17.87,,43.94,,3.06,,71.56,,,21.65,,21.04,,27.66,,12.88,,59.52,,,,35831,,56.07,28.32,37.71,54.15,,,11.67,,,,,,35.62,30.81,1.11,68.18000000000001,99.37,,,66.5,,93.59,96.84,87.48999999999999,79.5,,,,90.59999999999999,93.40000000000001,23.6,,97.05,18.1,93.20999999999999,86.75,89.04000000000001,,,,75.54000000000001,79.63,,,,,,,,72.81999999999999,,
91,Telangana,36,Karimnagar,534,1065.04,1137778.563,16740,18381,235349.9795,18228,,,30.26,71311,13.88,32714,4.84,11297,27.49,64721,5.85,13768,70.83,149683,235349.9795,20.55,234382,28.78,327453,24.96,283990,16.82,191374,61.07,695183,61.02,10211,16740,1137778.563,48.77,38.57,30.25,,,,10.32,,,,,,50.8,11.87,7.57,78.83,98.27,,,58.57,,99.09,88.23999999999999,92.25,69.64,,,,85.2,91.8,17.1,,98.36,9.9,86.92,89.51000000000001,95.94,,,,73.39,79.81,,,,,,59.22,36.83,70.31999999999999,,
92,Telangana,36,Khammam,541,1060.75,872254.111,20236,22985,198112.8288,22444,,,22.15,43981,24.65,48934,15.04,29717,26.23,51906,6.03,11946,60.46,107669,198112.8288,12.76,111649,36.08,314709,27.61,240829,17.73,154651,62.15,542542,68.76000000000001,13922,20236,872254.111,66.65000000000001,34.86,30.63,,,,8.68,,,,,,40.88,34.97,10.92,84.48,98.41,,,60.36,,96.59999999999999,99.34999999999999,84.89,76.25,,,,97.25,95.09999999999999,30.3,,97.92,11.3,93.16,93.19,91.54000000000001,,,,86.56999999999999,70.86,,,,,,,,73.33,,
93,Telangana,36,Komaram Bheem Asifabad,708,1024.43,,11121,6337,,6301,,,38.05,,35.65,,14.36,,41.09,,2.66,,70.67,,,25.68,,14,,21.81,,8.42,,67.33,,65.81,,11121,,49.04,18.76,42.58,,,,9.4,,,,,,28.73,25.03,4.58,54.03,93.55,,,63.55,,92.87,96.70999999999999,80.04000000000001,68.81,,,,91.83,92.5,26.2,,82.03,22.9,83.38,85.48999999999999,81.88,,,,76.16,74.95999999999999,,,,,,,,59.22,,
94,Telangana,36,Mahabubabad,709,1066.73,,12654,10504,,,,,32.98,,19.29,,5.19,,26.31,,3.57,,81.06999999999999,,,18.58,,23.74,,21.9,,14.14,,63.03,,54.08,,12654,,52.09,32.35,50.45,,,,3.36,,,,,,34.7,28.29,6.63,68.55,98.23,,,69.26000000000001,,96.16,98.09999999999999,87.77,67.73999999999999,,,,93.98,84.40000000000001,27.6,,97.65000000000001,5.5,95.36,91.51000000000001,94.3,,,,76.13,73.62,,,,,,,,79.73999999999999,,
95,Telangana,36,Mahabubnagar,538,1035.06,1152981.723,28413,23379,365382.8585,23345,,,42.63,155653,17.81,65038,8.73,31788,32.99,120576,4.14,15127,82.62,271114,365382.8585,24.01,276716,24.01,276831,24.19,278906,10.78,124291,55.1,635293,44.89,12757,28413,1152981.723,69.13,45.46,42.92,73.97,,,5.4,,,,,,40.35,23.4,9.15,73.72,99.64,,,70.27,,94.06,98.7,86.23,62.6,,,,90.22,93.59999999999999,25.9,,98.09999999999999,14.2,97.63,84.94,85.48,,,,89.39,70.84,,,,,,,,81.18000000000001,,
96,Telangana,36,Mancherial,710,1065.03,,11901,10363,,,,,25.88,,22.06,,9.960000000000001,,27.39,,3.35,,58.69,,,21.9,,24.55,,27.89,,14.19,,57.07,,,,11901,,68.05,49.03,24.19,,,,5.87,,,,,,48.75,13.98,3.68,78.14,95.62,,,64.40000000000001,,97.73,93.56999999999999,86.65000000000001,64.7,,,,89.56,95.40000000000001,24.5,,90.06999999999999,9.4,96.90000000000001,87.67,85.31999999999999,,,,76.03,63.86,,,,,,,,67.51000000000001,,
97,Telangana,36,Medak,535,1051.19,886680.5783000001,15748,8758,260300.1866,8668,,,36.35,94749,21.25,55444,3.54,9111,41.99,109326,1.14,2967,70.02,163680,260300.1866,25.44,225217,23.28,206419,26.65,236300,14.01,124224,54.77,485901,,,15748,886680.5783000001,41.81,23.4,32.93,70.84,,,12.26,,,,,,39.33,31.81,6.54,78.16,99.87,,,61.19,,97.09999999999999,97.67,78.94,68.52,,,,81.3,89.2,27.7,,98.87,13.5,92.93000000000001,80.83,89.81999999999999,,,,69.31,85.23999999999999,,,,,,41.55,37.52,60.13,,
98,Telangana,36,Medchal-Malkajgiri,711,995.75,,70407,41623,,41241,,,33.36,,11.98,,4.98,,25.04,,1.22,,73.78,,,15.2,,41.79,,26.46,,16.49,,57.35,,,,70407,,60.82,31.79,42.89,,,,10.91,,,,,,59.33,10.17,3.08,86.17,99.94,,,53.75,,98.79000000000001,96.19,89.38,69.62,,,,92.23999999999999,90.3,14.7,,98.26000000000001,8.9,96.17,90.64,90.06999999999999,,,,76.11,69.54000000000001,,,,,,,,63.82,,
99,Telangana,36,Nagarkurnool,712,1065.5,,17678,14338,,14160,,,35.12,,27.25,,6.95,,30.9,,2.46,,75.09,,,19.12,,22.81,,24.55,,12.5,,53.53,,,,17678,,65.94,41.14,40.95,74.98999999999999,,,5.39,,,,,,35.97,32.12,5.25,73.15000000000001,99.59999999999999,,,68.61,,92,97,92.37,75.13,,,,88.47,86.40000000000001,23.4,,98.02,14.7,94.48,90.27,90.98999999999999,,,,81.09,64.68000000000001,,,,,,,,86.59,,
100,Telangana,36,Nalgonda,539,1016.58,1027330.477,26126,22451,260408.1472,21094,,,31.67,82549,29.8,77602,14.47,37759,27.97,72914,1.69,4401,74.5,174275,260408.1472,15.53,159236,28.5,292789,19.63,201665,13.77,141463,54.19,556813,58.33,15231,26126,1027330.477,66.79000000000001,40.12,48.46,,,,7.1,,,,,,40.9,28.16,6,76.36,99.23999999999999,,,64.79000000000001,,87.45,98.65000000000001,90.45,65.72,,,,91.81999999999999,96.09999999999999,28.3,,98.27,21.5,99.01000000000001,92.22,95.33,,,,78.27,72.64,,,,,,,,76.73,,
101,Telangana,36,Nirmal,713,1170.6,,12943,12623,,12434,,,31.67,,18.13,,6.59,,33.36,,1.43,,65.29000000000001,,,26.94,,22.5,,25.06,,11.7,,58.05,,47.23,,12943,,58.67,34.63,20.89,61.66,,,10.47,,,,,,40.91,23.34,9.640000000000001,63.63,98.3,,,49.93,,95.06,96.94,85.22,69.65000000000001,,,,91.22,87.2,24.6,,96.65000000000001,10,91.59999999999999,87.15000000000001,90.95999999999999,,,,75.34,84.14,,,,,,,,56.28,,
102,Telangana,36,Nizamabad,533,1132.1,764094.7665,29239,26974,200285.4072,26949,,,30.49,61087,26.18,52475,4.32,8612,38.41,76910,2.83,5668,65.27,117486,200285.4072,21.04,160460,27.51,210202,27.13,207299,13.45,102771,57.69,440883,38.91,11374,29239,764094.7665,40.93,28.16,25.6,,,,18.36,,,,,,42.44,23.71,3.84,72.54000000000001,99.42,,,52.31,,96.86,96.16,87.90000000000001,78.53,,,,80,90,22.6,,97.3,12.1,91.84,79.48,85.84999999999999,,,,86.11,82.98999999999999,,,,,,56.55,42.23,66.98999999999999,,
103,Telangana,36,Peddapalli,714,1027.61,,29709,11112,,10909,,,27.48,,28.75,,15.61,,33.09,,1.57,,69.55,,,16.51,,26.11,,27.69,,13.68,,64.56999999999999,,,,29709,,60.95,41.9,26.27,,,,13.79,,,,,,46.63,13.57,4.62,77.81,97.98,,,59.14,,97.75,92.91,83.52,77.88,,,,87.04000000000001,88.40000000000001,25.7,,96.47,19.1,96.22,87.62,89.76000000000001,,,,73.14,66.31,,,,,,,,72.33,,
104,Telangana,36,Rajanna Sircilla,715,1167.41,,9240,8321,,8156,,,22.42,,19.37,,8.92,,26.07,,2.34,,65.73,,,18.58,,23.83,,30.2,,13.19,,56.59,,36.62,,9240,,55.17,34.01,32.48,,,,7.76,,,,,,46.35,13.24,3.04,77.42,98.69,,,62.81,,98.53,98.97,90.34999999999999,67.06,,,,96.31999999999999,90.8,26.7,,97.55,10.5,95.40000000000001,89.92,90.13,,,,84.09999999999999,73.31,,,,,,,,72.65000000000001,,
105,Telangana,36,Ranga Reddy,537,1022.3,1617356.893,57043,47993,457866.015,,,,37.77,173073,13.9,63643,5.12,23351,29.47,135070,3.99,18269,75.81,311768,457866.015,14.87,240986,40.62,656970,28.47,460462,15.25,246647,53.61,866903,44.81,25555,57043,1617356.893,48.23,26.6,40.34,,,,7.23,,,,,,51.44,29.03,5.15,81.09999999999999,99.41,,,58.29,,98.18000000000001,95.26000000000001,95.51000000000001,75.09,,,,90.3,83.40000000000001,17.4,,97.17,15.5,92.73999999999999,89.81999999999999,89.95999999999999,,,,85.76000000000001,67.75,,,,,,,,72.16,,
106,Telangana,36,Sangareddy,716,1052.87,,27118,24482,,24400,,,32.85,,25.01,,5.94,,35.06,,2.96,,66.98,,,19.99,,29.44,,25.66,,11.25,,47.86,,63.87,,27118,,43.95,21.56,32.22,,,,6.37,,,,,,41.47,30.6,4.38,68.01000000000001,99.34999999999999,,,58.14,,97.48,98.28,82.78,66.38,,,,89.45999999999999,92.90000000000001,10.4,,92.95999999999999,19.7,95.08,84.67,89.04000000000001,,,,78.48999999999999,74.02,,,,,,53.09,50.72,77.75,,
107,Telangana,36,Siddipet,717,1061.68,,19918,17092,,16107,,,28.06,,19.31,,4.71,,29.57,,1.53,,63.51,,,17.85,,26.81,,26.64,,14.73,,56.9,,,,19918,,60.6,41.48,34.89,,,,14.14,,,,,,51.3,19.01,.98,84.14,97.23999999999999,,,60.93,,98.48,98.87,86.12,62.62,,,,89.77,94.3,23,,99.65000000000001,18.2,90.45,74.05,85.91,,,,63.05,81.02,,,,,,,,71.09,,
108,Telangana,36,Suryapet,718,1031.67,,20214,16634,,16360,,,29.14,,24.9,,8.82,,30.05,,2.84,,76.59999999999999,,,15.98,,33.92,,25.18,,17.72,,58.07,,39.78,,20214,,67.05,38.92,22.52,,,,15.05,,,,,,42.53,29.47,6.18,77.94,99.78,,,63.13,,93.02,99.66,92.72,70.42,,,,87.06999999999999,97.8,20.6,,95.94,16.2,94.22,88.61,88.68000000000001,,,,70.37,70.18000000000001,,,,,,,,61.62,,
109,Telangana,36,Vikarabad,719,998.3099999999999,,23552,16798,,15564,,,32.12,,19.99,,5.79,,37.12,,.77,,69.98,,,25.59,,25.67,,27.04,,10.78,,61.26,,,,23552,,37.21,24.4,39.72,,,,11.14,,,,,,38.34,39.76,9.960000000000001,66.72,99.73,,,59.56,,89.14,98.7,77.97,54.82,,,,83.17,93,18,,95.01000000000001,9.1,86.70999999999999,80.77,86.89,,,,86.20999999999999,66.05,,,,,,44.48,31.63,77.79000000000001,,
110,Telangana,36,Wanaparthy,720,1018.45,,9840,8210,,7924,,,40.42,,15.07,,4.37,,33.22,,4.92,,75.3,,,24.6,,23.54,,22.54,,13.9,,58.52,,63.45,,9840,,64.25,38.75,43.45,75.20999999999999,,,7.52,,,,,,37.01,32.6,4.73,75.86,99.42,,,70.14,,93.5,100,91.34999999999999,62.77,,,,92.63,95.90000000000001,23.8,,98.95,13.8,96.64,87.58,83.62,,,,86.95,71.42,,,,,,,,82.28,,
111,Telangana,36,Warangal Rural,721,1070.14,,10879,11058,,10827,,,36.13,,18.95,,8.9,,37.94,,2.37,,71.53,,,22.63,,26.37,,26.31,,15.63,,59.22,,61.48,,10879,,51.91,35.19,33.79,,,,5.11,,,,,,39.98,22.85,12.87,74.34,98.95999999999999,,,71.98,,97.36,98.73,86.8,70.42,,,,82.28,89.7,20.7,,100,18.3,94.5,93.78,90.48999999999999,,,,79,83.69,,,,,,25.78,41.67,69.81999999999999,,
112,Telangana,36,Warangal Urban,722,1086.94,,15730,24846,,24618,,,29.54,,29.5,,12.58,,36.02,,4.35,,67.02,,,16.83,,31.96,,24.45,,17.09,,57.8,,,,15730,,63.69,38.93,29.76,,,,9.34,,,,,,57.16,22.67,4.29,81.2,99.13,,,61.99,,96.59,96.39,88.38,71.31,,,,96.18000000000001,92.8,19.6,,99.7,11.2,93.04000000000001,92.63,92.27,,,,70.09,78.54000000000001,,,,,,,,81.45,,
113,Telangana,36,Yadadri Bhuvanagiri,723,1071.12,,22401,12350,,11181,,,38.28,,10.27,,2.99,,27.22,,5.45,,65.31,,,19.36,,24.59,,24.84,,14.63,,54.25,,38.52,,22401,,60.5,35.69,43.72,69.69,,,3.89,,,,,,47.95,21.58,1.65,81.94,99.73,,,65.25,,98.65000000000001,97.93000000000001,92.12,67.23,,,,91.53,91.90000000000001,28.2,,97.68000000000001,9,94.05,93.20999999999999,94.94,,,,76.70999999999999,69.61,,,,,,,,67.33,,
114,Tripura,16,Gomati,656,1011.39,,6913,5926,,5808,,,22.67,,27.62,,11.19,,29.02,,3.4,,70.73999999999999,,,14.14,,19.55,,19.78,,16.76,,62.57,,52.77,3650,6913,,22.03,6.62,24.81,46.62,,,12.55,,,,,,22.77,42.75,24.37,77.44,87.66,,,29.94,,99,91.13,54.01,40.63,,,,91.69,92.8,14.1,,93.2,10.1,94.06,66.31,68.58,,,,67.05,74.55,,,,,,,,62.76,,
115,Tripura,16,Khowai,657,1058.71,,4797,2952,,2857,,,47.01,,16.57,,6.18,,24.73,,8.130000000000001,,73.36,,,18.72,,15.41,,19.01,,17.78,,63.73,,63.69,3056,4797,,37.98,16.58,20.92,,,,12.88,,,,,,18.87,28.28,24.27,67.79000000000001,83.19,,,44.14,,100,97.67,57.17,41.5,,,,96.75,92.59999999999999,24.4,,95.72,19.7,95.19,59.66,62.89,,,,60.65,68.13,,,,,,,,,,
116,Tripura,16,North Tripura,292,1040.17,214783.6459,8822,5529,63913.19891,4138,,,26.24,16745,29.99,19174,18.07,11568,32.15,20580,8.960000000000001,5727,52.49,30142,63913.19891,18.57,39950,16.8,36084,18.8,40379,18.27,39241,69.58,149489,55.31,4879,8822,214783.6459,17.29,3.83,61.08,58.07,,,11.81,,,,,,23.68,34.19,11.94,74.13,75.58,,,28.65,,99.2,93.84,75.45999999999999,67.09999999999999,,,,95.04000000000001,82.40000000000001,13.9,,85.36,14.9,86.66,76.55,77.36,,,,69.59,61.64,,,,,,,,69.40000000000001,,
117,Tripura,16,Sepahijala,658,1021.45,,8409,3648,,3405,,,34.54,,14.89,,6.71,,20.99,,12.36,,72.11,,,13.88,,24.21,,19.31,,18.19,,69.84,,55.75,4692,8409,,18.78,6.77,46.4,,,,12.81,,,,,,21.73,51.92,26.55,75.38,97.38,,,31.6,,99.72,93,61.93,52.78,,,,90.19,92.2,8.199999999999999,,87.73,14,87.17,72.06,70.13,,,,70.3,80.78,,,,,,,,61.55,,
118,Tripura,16,South Tripura,290,1053.88,274006.8466,7128,4618,70871.42151,4473,,,25.53,18072,15.27,10843,5.17,3685,21.64,15308,5.04,3572,59.64,37944,70871.42151,16.8,46033,22.82,62528,22.35,61241,18.24,49979,66.8,183037,57.07,4070,7128,274006.8466,29.52,13.31,15.76,,,,9.880000000000001,,,,,,21.64,46.23,23.1,68.61,90.51000000000001,,,37.28,,99.29000000000001,84.58,54.2,58.42,,,,89.42,90.8,21.4,,89.72,13.6,88.56,67.98999999999999,67.65000000000001,,,,48.45,75.15000000000001,,,,,,69.23,23.51,63.56,,
119,Tripura,16,Unakoti,659,1079.1,,5354,3451,,2887,,,31.77,,19.34,,3.96,,31.97,,1.94,,62.8,,,25.96,,16.6,,21.01,,16.9,,67.37,,76.73999999999999,4107,5354,,31.64,14.26,21.74,,,,9.359999999999999,,,,,,18.7,37.97,21.15,61.75,78.56,,,28.01,,99.3,89.34999999999999,40.98,24.59,,,,95.55,85.2,6.8,,71.5,10.9,66.03,44.5,46.68,,,,58.26,73.7,,,,,,,,60.49,,
120,Tripura,16,West Tripura,289,936.77,565577.8538,19928,19438,120846.4929,,,,30.3,36616,11.73,14139,2.13,2538,21.18,25619,8.720000000000001,10538,54.5,59164,120846.4929,13.67,77484,26.81,151631,25.06,141734,18.72,105876,67.63,382331,56.19,11200,19928,565577.8538,31.78,7.08,37.95,,,,18.6,,,,,,30.9,37.11,20.24,80.20999999999999,98.48999999999999,,,28.12,,99.81,98.14,78.70999999999999,61.22,,,,99.33,97.5,10.4,,95.27,24.8,96.90000000000001,87.7,88.69,,,,88.41,72.98999999999999,,,,,,,,,,
121,Uttar Pradesh,9,Amethi,646,1169.62,,58149,31239,,30875,,,35.8,,19.88,,5.07,,33.09,,1.23,,52.42,,,21.04,,23.51,,19.18,,12.85,,46.55,,36.56,21259,58149,,15.88,10.37,21.63,72.55,,,5.66,,,,,,34.55,14.87,1.91,60.9,98.67,,,20.91,,97.23999999999999,96.81999999999999,72.56,31.69,,,,93.54000000000001,75,25.9,,90.76000000000001,51.9,91.39,76.33,73.73,,,,75.88,80.67,,,,,,,,57.3,,
122,Uttar Pradesh,9,Budaun,149,933.36,1025731.797,117278,67772,565053.2667,54277,,,51.79,292641,18.19,102783,6.81,38480,43.02,243086,3.82,21585,72.17,366328,565053.2667,19.36,198582,15.2,155911,12.98,133140,8.98,92111,56.18,576256,39.31,46102,117278,1025731.797,15.86,1.87,33.61,52.42,,21.27,8.56,,,,,,21.56,22.85,6.95,69.66,99.83,,,13.55,,91.41,94.38,58.45,40.57,,,,90.08,76.90000000000001,19.3,,72.31,47.4,73.06999999999999,62.43,59.41,,,,69.52,71.66,,,,,,48.86,37.19,50.01,,
123,Uttar Pradesh,9,Ghaziabad,140,930.39,1555470.129,139902,89555,588706.2905,80347,,,28.15,165721,17.1,100669,2.98,17543,23.35,137463,3,17661,61.78,326716,588706.2905,11.06,172035,43.73,680207,19.34,300828,17.85,277651,55.89,869352,39.62,55429,139902,1555470.129,47.83,22.64,18.4,54.52,,,5.96,,,,,,55.23,8.029999999999999,.61,84.51000000000001,99.13,,,20,,96.27,95.53,77.23999999999999,62,,,,86.03,93.59999999999999,24.2,,86.44,14.1,88.01000000000001,84.8,85.3,,,,68.51000000000001,64.48,,,,,,,,,,
124,Uttar Pradesh,9,Hapur,647,917.47,,46239,36415,,34839,,,30.23,,18.52,,9.23,,26.93,,5.14,,69.37,,,9.4,,32.39,,22.9,,7.67,,51.67,,30.8,14242,46239,,28.99,12.64,38.42,61.07,,,10.93,,,,,,43.53,7.12,.8100000000000001,85.61,99.88,,,14.85,,96.01000000000001,98.87,80.09999999999999,53.31,,,,96.23999999999999,95.2,28.2,,83.33,22.6,85.58,82.98,83.27,,,,84.43000000000001,82.13,,,,,,,,74.76000000000001,,
125,Uttar Pradesh,9,Moradabad,135,1001.91,1453750.48,100484,71820,663110.3556,45082,,,34.69,230033,19.13,126853,9.83,65184,27,179040,2.26,14986,67.55,402379,663110.3556,13.41,194948,17.01,247283,21.32,309940,9.539999999999999,138688,45.51,661602,33.63,33793,100484,1453750.48,17.22,2.94,17.04,56.02,,,12.92,,,,,,42.58,9.6,1.53,78.98999999999999,99.8,,,17.07,,95.14,97.55,73.72,33.15,,,,95.09999999999999,80.90000000000001,46.5,,80.26000000000001,26.9,85.59,76.09,74.70999999999999,,,,84.5,74.06,,,,,,60.3,31.45,71.03,,
126,Uttar Pradesh,9,Muzaffarnagar,133,956.97,1301740.811,83226,67337,549264.4454,59243,,,29.76,163461,20.73,113863,9.890000000000001,54322,29.86,164010,4.21,23124,65.44,322886,549264.4454,11.12,144754,28.11,365919,21.62,281436,11.45,149049,46.16,600884,40.24,33490,83226,1301740.811,34.54,8.44,18.15,61.79,,,16.08,,,,,,41.83,7.28,.95,80.12,99.90000000000001,,,8.199999999999999,,96.31,96.40000000000001,75.54000000000001,44.02,,,,93.95999999999999,85.09999999999999,34.4,,86.98999999999999,32.7,89.90000000000001,88.51000000000001,87.29000000000001,,,,69.51000000000001,72.93000000000001,,,,,,28.98,11.62,,,
127,Uttar Pradesh,9,Rae Bareli,158,1102.18,1091569.491,66516,50577,396395.8291,48760,,,47.02,186385,12.98,51452,6.26,24814,28.83,114281,4.28,16966,76.43000000000001,272155,396395.8291,18.46,201504,18.73,204451,19.35,211219,8.26,90164,48.33,527556,44.39,29526,66516,1091569.491,15.98,4.78,28.63,64.38,,,3.43,,,,,,36.13,14.34,1.29,54.96,98.06999999999999,,,16.84,,79.48,97.28,58.75,43.57,,,,90.66,83.40000000000001,31.3,,89.51000000000001,61.8,90.77,60.11,61.58,,,,71.41,73.43000000000001,,,,,,,,37.31,,
128,Uttar Pradesh,9,Sambhal,648,1019.12,,79843,63522,,41744,,,51.59,,14.08,,5.6,,29.82,,3.79,,69.8,,,16.12,,19.63,,19.32,,7.36,,51.13,,53.01,42325,79843,,21.29,5.64,31.45,62.48,,25.72,5.61,,,,,,24.14,21.13,4.32,72.81999999999999,100,,,13.72,,91.09999999999999,93.45,60.78,32.87,,,,90.3,80.2,19.7,,74.23999999999999,35.8,78.19,67.48,67.47,,,,83.04000000000001,72.72,,,,,,57.4,57.71,73.13,,
129,Uttar Pradesh,9,Shamli,649,988.68,,43007,24454,,21434,,,28.62,,24.29,,13.17,,27.49,,2.13,,65.17,,,9.82,,22.61,,21.16,,8.67,,42.4,,28.8,12386,43007,,25,6.65,19.11,64.76000000000001,,,1.78,,,,,,32.6,10.84,2.33,83.31999999999999,99.84999999999999,,,14.75,,95.69,98.25,82.67,40.98,,,,97.56,87.2,39,,78.29000000000001,40.7,83.3,81.27,75.22,,,,91.08,83.95999999999999,,,,,,,,,,
130,Uttar Pradesh,9,Sultanpur,179,1151.21,1227353.461,60934,38998,461061.5244,,,,33.4,153995,10.7,49334,2.54,11711,28.29,130434,1.4,6455,62.27,257906,461061.5244,20.81,255412,22.88,280818,20.64,253326,13.52,165938,49.48,607294,65.18000000000001,39717,60934,1227353.461,27.8,12.44,26.7,64.79000000000001,,25.36,4.36,,,,,,46.58,7.94,1.11,65.08,99.51000000000001,,,20.65,,96.95,97.73999999999999,59.61,47,,,,93.36,86.3,38.9,,86.95999999999999,52.8,83.7,70.48,69.42,,,,80.23999999999999,80.52,,,,,,,,72.28,,
131,West Bengal,19,Paschim Barddhaman,671,977.46,,48263,33310,,32773,,,39.74,,25.45,,7.98,,40.96,,3.07,,74.69,,,18.43,,20.43,,17.63,,16.21,,66.54000000000001,,49.44,,48263,,57.02,30.77,59.26,,,,31.05,,,,,,37.12,31.84,15.42,71.45999999999999,95.20999999999999,,,21.82,,89.75,95.45999999999999,70.28,70.41,,,,96.59,93.59999999999999,22.5,,89.79000000000001,31.4,91.26000000000001,64.12,70.48999999999999,,,,62.4,60.57,,,,,,81.18000000000001,48.93,86.25,,
132,West Bengal,19,Purba Barddhaman,672,1067.12,,74202,71697,,,,,32.67,,21.1,,5.36,,31.63,,3.04,,71.52,,,16.3,,23.93,,21.21,,16.62,,78.39,,63.66,,74202,,68.31,33.64,54.47,,,,34.1,,,,,,27.32,50.35,21.85,64.15000000000001,99.13,,,37.18,,95.23999999999999,100,72.5,80.5,,,,90.84,97.2,18.4,,95.95,34.6,94.27,65.20999999999999,74.95,,,,97.2,65.23999999999999,,,,,,,,56.55,,
